text,label
"gg wp everyone, good game",0
that was a clean play honestly,0
lets go team we got this,0
nice shot man,0
unlucky rng that round,0
i died so many times lol,0
report is optional no worries,0
assemble at mid please,0
Phoenix is my main,0
"class starts in 5, brb",0
what a passionate match,0
great analysis of the map,0
you are absolute trash uninstall,1
kill yourself noob,1
you're a worthless piece of garbage,1
you are tr4sh kid,1
ur tr@sh uninstall,1
n00b just quit already,1
g@rbage player kys,1
stfu you 1diot,1
k y s,1
f u c k off loser,1
t r a s h player,1
s-h-i-t teammate,1
you . are . garbage,1
ki​ll yourself,1
ｋｙｓ loser,1
kіll urself,1
trﻝash human,1
uninstall trash sub human,1
kill urself n00b trash,1
worthl3ss g@rbage uninstall pls,1
